sample_id,spp,mountain,site,treatment,block,experiment,treat,none,non_prop,arbuscules,arb_prop,vesicles,ves_prop,coils,coil_prop,hyphae,hyphae_prop,endo,endo_prop,total
FCH_B52,ACSA,FC,H,B52,,green,FC,221,0.8947,1,0.004,5,0.0202,0,0,18,0.0729,2,0.0081,247
FCH_C12_1,ACSA,FC,H,C12_1,,green,FC,161,0.8474,2,0.0105,5,0.0263,0,0,17,0.0595,5,0.0263,190
FCH_C11,ACSA,FC,H,C11,,green,FC,180,0.8911,1,0.005,2,0.0099,1,0.005,12,0.0594,6,0.0297,202
FCH_B12,ACSA,FC,H,B12,,green,FC,245,0.8688,2,0.0071,6,0.0213,1,0.0035,20,0.0709,8,0.0284,282
FCH_A11,ACSA,FC,H,A11,,green,FC,209,0.8856,1,0.0042,3,0.0127,0,0,19,0.0605,5,0.0212,236
FCH_C21,ACSA,FC,H,C21,,green,FC,152,0.8085,8,0.0426,5,0.0266,4,0.0213,17,0.0604,2,0.0106,188
FCH_C12_2,ACSA,FC,H,C12_2,,green,FC,203,0.8565,0,0,3,0.0127,0,0,20,0.0844,11,0.0464,237
FCH_A51,ACSA,FC,H,A51,,green,FC,155,0.8031,1,0.0052,4,0.0207,0,0,17,0.0681,16,0.0829,193
FCH_C32,ACSA,FC,H,C32,,green,FC,182,0.8053,3,0.0133,5,0.0221,3,0.0133,24,0.0562,9,0.0398,226
FCM_A31,ACSA,FC,M,A31,,green,FC,201,0.8105,5,0.0202,6,0.0242,1,0.004,28,0.1129,7,0.0282,248
FCM_C21,ACSA,FC,M,C21,,green,FC,179,0.7991,4,0.0179,5,0.0223,2,0.0089,26,0.1161,8,0.0357,224
FCM_A51,ACSA,FC,M,A51,,green,FC,148,0.7629,6,0.0309,9,0.0464,3,0.0155,21,0.1082,7,0.0361,194
FCM_C11,ACSA,FC,M,C11,,green,FC,166,0.8177,2,0.0099,5,0.0246,2,0.0099,18,0.0887,10,0.0493,203
FCM_A32,ACSA,FC,M,A32,,green,FC,113,0.7902,2,0.014,4,0.028,1,0.007,16,0.1119,7,0.049,143
FCM_A41,ACSA,FC,M,A41,,green,FC,155,0.7711,4,0.0199,8,0.0398,0,0,23,0.1144,11,0.0547,201
FCM_B51,ACSA,FC,M,B51,,green,FC,198,0.8534,1,0.0043,2,0.0086,0,0,19,0.0819,12,0.0517,232
FCM_C21,ACSA,FC,M,C21,,green,FC,176,0.8462,3,0.0144,5,0.024,0,0,18,0.0865,6,0.0288,208
FCM_B21,ACSA,FC,M,B21,,green,FC,176,0.7586,3,0.0129,8,0.0345,2,0.0086,29,0.125,14,0.0603,232
FCL_A41,ACSA,FC,L,A41,,green,FC,156,0.9571,4,0.0245,5,0.0307,3,0.0184,23,0.1411,10,0.0613,163
FCL_B31,ACSA,FC,L,B31,,green,FC,179,0.7276,7,0.0285,7,0.0285,5,0.0203,38,0.1545,10,0.0407,246
FCL_B42,ACSA,FC,L,B42,,green,FC,177,0.7662,2,0.0087,7,0.0303,2,0.0087,27,0.1169,16,0.0693,231
FCL_B22,ACSA,FC,L,B22,,green,FC,202,0.7681,8,0.0304,8,0.0304,5,0.019,31,0.1179,9,0.0342,263
FCL_A31,ACSA,FC,L,A31,,green,FC,174,0.7373,6,0.0254,10,0.0424,4,0.0169,29,0.1229,13,0.0551,236
FCL_A42,ACSA,FC,L,A42,,green,FC,153,0.75,4,0.0196,7,0.0343,3,0.0147,29,0.1422,8,0.0392,204
FCL_A11,ACSA,FC,L,A11,,green,FC,155,0.7561,3,0.0146,5,0.0244,2,0.0098,28,0.1366,12,0.0585,205
FCL_C41,ACSA,FC,L,C41,,green,FC,186,0.7623,4,0.0164,8,0.0328,1,0.0041,34,0.1393,11,0.0451,244
FCL_C32,ACSA,FC,L,C32,,green,FC,188,0.752,3,0.012,7,0.028,3,0.012,37,0.148,12,0.048,250
PCH_4,ACSA,PC,H,4,,green,PC,126,0.6528,0,0,0,0,0,0,0,0,67,0.3472,193
PCM_9,ACSA,PC,M,9,,green,PC,158,0.8449,0,0,2,0.0107,0,0,0,0,27,0.1444,187
PCM_B21,ACSA,PC,M,B21,,green,PC,203,0.9398,0,0,1,0.0046,0,0,1,0.0046,11,0.0509,216
PCM_A41,ACSA,PC,M,A41,,green,PC,151,0.9742,0,0,0,0,0,0,0,0,4,0.0258,155
PCM_10,ACSA,PC,M,10,,green,PC,201,0.7336,0,0,1,0.0036,0,0,4,0.0146,68,0.2482,274
PCL_BIG2,ACSA,PC,L,BIG2,,green,PC,197,0.8795,0,0,0,0,0,0,1,0.0045,26,0.1161,224
PCL_BIG1,ACSA,PC,L,BIG1,,green,PC,227,0.8566,0,0,0,0,0,0,0,0,38,0.1434,265
PCM_BIG4,ACSA,PC,M,BIG4,,green,PC,154,0.7299,0,0,0,0,0,0,0,0,57,0.2701,211
PCH_BIG3,ACSA,PC,H,BIG3,,green,PC,214,0.8664,0,0,0,0,0,0,1,0.004,32,0.1296,247
PCH_BIG4,ACSA,PC,H,BIG4,,green,PC,200,0.8197,0,0,1,0.0041,0,0,1,0.0041,42,0.1721,244
PCH_BIG2,ACSA,PC,H,BIG2,,green,PC,212,0.9258,0,0,0,0,0,0,0,0,17,0.0742,229
PCH_10,ACSA,PC,H,10,,green,PC,184,0.9154,1,0.005,3,0.0149,0,0,9,0.0448,4,0.0199,201
FAH_C52,ACSA,FA,H,C52,,green,FA,167,0.994,0,0,0,0,0,0,0,0,1,0.006,168
FAH_A31,ACSA,FA,H,A31,,green,FA,240,0.9877,0,0,0,0,0,0,1,0.0041,2,0.0082,243
FAH_A41,ACSA,FA,H,A41,,green,FA,191,0.9695,0,0,0,0,0,0,4,0.0203,2,0.0102,197
FAH_C32,ACSA,FA,H,C32,,green,FA,258,0.981,0,0,0,0,0,0,2,0.0076,3,0.0114,263
FAM_A31,ACSA,FA,M,A31,,green,FA,171,0.9771,0,0,1,0.0057,0,0,1,0.0057,2,0.0114,175
FAM_C42,ACSA,FA,M,C42,,green,FA,154,0.9747,0,0,0,0,0,0,2,0.0127,2,0.0127,158
FAM_A32,ACSA,FA,M,A32,,green,FA,157,0.9874,0,0,1,0.0063,0,0,1,0.0063,0,0,159
FAM_B31,ACSA,FA,M,B31,,green,FA,246,1,0,0,0,0,0,0,0,0,0,0,246
FAM_B21,ACSA,FA,M,B21,,green,FA,263,0.985,0,0,0,0,0,0,2,0.0075,2,0.0075,267
FAM_A32,ACSA,FA,L,A32,,green,FA,157,0.9874,0,0,1,0.0063,0,0,1,0.0063,0,0,159
FAM_B31,ACSA,FA,L,B31,,green,FA,246,1,0,0,0,0,0,0,0,0,0,0,246
FAM_B21,ACSA,FA,L,B21,,green,FA,263,0.985,0,0,0,0,0,0,2,0.0075,2,0.0075,267
BH_BIG2,ACSA,B,H,BIG2,,green,B,237,0.8464,2,0.0071,3,0.0107,0,0,13,0.0464,25,0.0893,280
BH_BIG3,ACSA,B,H,BIG3,,green,B,201,0.8739,1,0.0043,3,0.013,0,0,10,0.0435,15,0.0652,230
BH_C21,ACSA,B,H,C21,,green,B,252,0.8571,5,0.017,7,0.0238,3,0.0102,23,0.0782,4,0.0136,294
BH_14,ACSA,B,H,14,,green,B,159,0.8503,0,0,3,0.016,0,0,14,0.0149,11,0.0588,187
BH_B32,ACSA,B,H,B32,,green,B,209,0.8462,2,0.0081,5,0.0202,0,0,25,0.0512,6,0.0243,247
BH_C51,ACSA,B,H,C51,,green,B,192,0.8533,1,0.0044,4,0.0178,0,0,18,0.08,10,0.0444,225
BH_B42,ACSA,B,H,B42,,green,B,273,0.7583,15,0.0417,14,0.0389,9,0.025,48,0.0933,1,0.0028,360
BM_BIG3,ACSA,B,M,BIG3,,green,B,179,0.8249,0,0,4,0.0184,0,0,16,0.0737,18,0.0829,217
BM_BIG2,ACSA,B,M,BIG2,,green,B,205,0.8471,0,0,3,0.0124,0,0,16,0.0661,18,0.0744,242
BM_BIG1,ACSA,B,M,BIG1,,green,B,202,0.8417,1,0.0042,4,0.0167,0,0,19,0.0792,14,0.0583,240
BM_BIG4,ACSA,B,M,BIG4,,green,B,197,0.788,0,0,3,0.012,0,0,23,0.092,27,0.108,250
BM_BIG6,ACSA,B,M,BIG6,,green,B,253,0.8268,2,0.0065,6,0.0196,1,0.0033,23,0.0752,21,0.0686,306
BM_8,ACSA,B,M,8,,green,B,107,0.7431,1,0.0069,5,0.0347,0,0,18,0.125,13,0.0903,144
BM_5,ACSA,B,M,5,,green,B,188,0.755,1,0.004,5,0.0201,0,0,18,0.0723,37,0.1486,249
BM_B31,ACSA,B,M,B31,,green,B,210,0.6667,14,0.0444,14,0.0444,13,0.0413,58,0.1841,6,0.019,315
BM_C32,ACSA,B,M,C32,,green,B,161,0.5812,16,0.0578,17,0.0614,11,0.0397,66,0.2383,6,0.0217,277
BL_17,ACSA,B,L,17,,green,B,166,0.7313,3,0.0132,7,0.0308,2,0.0088,32,0.191,17,0.0749,227
BL_2,ACSA,B,L,2,,green,B,179,0.7817,1,0.0044,7,0.0306,0,0,20,0.1873,22,0.0961,229
BL_BIG4,ACSA,B,L,BIG4,,green,B,189,0.7326,1,0.0039,6,0.0233,0,0,19,0.1736,43,0.1667,258
BL_BIG1,ACSA,B,L,BIG1,,green,B,166,0.7281,3,0.0132,5,0.0219,1,0.0044,30,0.1316,23,0.1009,228
BL_BIG5,ACSA,B,L,BIG5,,green,B,218,0.8134,5,0.0187,6,0.0224,2,0.0075,19,0.1709,18,0.0672,268
BL_BIG6,ACSA,B,L,BIG6,,green,B,168,0.7778,2,0.0093,7,0.0324,0,0,24,0.1511,15,0.0694,216
BL_BIG3,ACSA,B,L,BIG3,,green,B,178,0.7448,2,0.0084,4,0.0167,0,0,28,0.1572,27,0.113,239
BL_BIG2,ACSA,B,L,BIG2,,green,B,175,0.7642,2,0.0087,6,0.0262,1,0.0044,21,0.1917,24,0.1048,229
JAY_ACSA_800C,ACSA,JAY,800,800C,,nat,8,151,0.6138,10,0.0407,17,0.0691,3,0.0122,58,0.2358,7,0.0285,246
JAY_ACSA_800G,ACSA,JAY,800,800G,,nat,8,144,0.5035,15,0.0524,18,0.0629,5,0.0175,91,0.3182,13,0.0455,286
MAD_ACSA_600C,ACSA,MAD,600,600C,,nat,6,34,0.5152,3,0.0455,3,0.0455,3,0.0455,20,0.303,3,0.0455,66
MAN_ACSA_600G,ACSA,MAN,600,600G,,nat,6,62,0.4559,8,0.0588,10,0.0735,2,0.0147,49,0.3603,5,0.0368,136
MAD_ACSA_700G,ACSA,MAD,700,700G,,nat,7,64,0.4156,7,0.0455,16,0.1039,0,0,53,0.3442,14,0.0909,154
MAN_ACSA_500G,ACSA,MAN,500,500G,,nat,5,131,0.6453,7,0.0345,11,0.0542,3,0.0148,42,0.2069,9,0.0443,203
MAN_ACSA_700C,ACSA,MAN,700,700C,,nat,7,45,0.5488,4,0.0488,8,0.0976,0,0,21,0.2561,4,0.0488,82
WHF_ACSA_600G,ACSA,WHF,600,600G,,nat,6,75,0.5725,7,0.0534,12,0.0916,3,0.0229,29,0.2214,5,0.0382,131
ABE_ACSA_700G,ACSA,ABE,700,700G,,nat,7,170,0.7143,4,0.0168,11,0.0462,3,0.0126,42,0.1765,8,0.0336,238
ABE_ACSA_600G,ACSA,ABE,600,600G,,nat,6,112,0.6188,5,0.0276,10,0.0552,2,0.011,42,0.232,10,0.0552,181
BGW_ACSA_700C,ACSA,BGW,700,700C,,nat,7,67,0.6036,6,0.0541,7,0.0631,2,0.018,23,0.2072,6,0.0541,111
WHF_ACSA_500G,ACSA,WHF,500,500G,,nat,5,97,0.5673,3,0.0175,9,0.0526,4,0.0234,47,0.2749,12,0.0702,171
WHF_ACSA_600C,ACSA,WHF,600,600C,,nat,6,100,0.4673,10,0.0467,12,0.0561,3,0.014,61,0.285,28,0.1308,214
ABE_ACSA_500G,ACSA,ABE,500,500G,,nat,5,118,0.6178,5,0.0262,11,0.0576,6,0.0314,47,0.2461,4,0.0209,191
CAN_ACSA_700C,ACSA,CAN,700,700C,,nat,7,53,0.5761,4,0.0435,7,0.0761,2,0.0217,22,0.2391,4,0.0435,92
BGW_ACSA_600C,ACSA,BGW,600,600C,,nat,6,73,0.462,6,0.038,8,0.0506,1,0.0063,52,0.3291,18,0.1139,158
CAN_ACSA_600G,ACSA,CAN,600,600G,,nat,6,108,0.5567,4,0.0206,8,0.0412,3,0.0155,62,0.3196,9,0.0464,194
BGW_ACSA_600G,ACSA,BGW,600,600G,,nat,6,97,0.6218,4,0.0256,10,0.0641,1,0.0064,32,0.2051,12,0.0769,156
MAD_ACSA_800G,ACSA,MAD,800,800G,,nat,8,55,0.4955,3,0.027,8,0.0721,0,0,37,0.3333,8,0.0721,111
MAN_ACSA_700G,ACSA,MAN,700,700G,,nat,7,122,0.607,13,0.0647,13,0.0647,8,0.0398,48,0.2388,7,0.0348,201
CAN_ACSA_600C,ACSA,CAN,600,600C,,nat,6,89,0.5361,11,0.0663,10,0.0602,6,0.0361,45,0.2711,5,0.0301,166
ABE_ACSA_800G,ACSA,ABE,800,800G,,nat,8,102,0.6258,3,0.0184,9,0.0552,1,0.0061,40,0.2454,8,0.0491,163
MAD_ACSA_500C,ACSA,MAD,500,500C,,nat,5,48,0.5053,5,0.0526,4,0.0421,4,0.0421,30,0.3158,4,0.0421,95
ABE_ACSA_600C,ACSA,ABE,600,600C,,nat,6,108,0.4977,15,0.0691,17,0.0783,4,0.0184,63,0.2903,10,0.0461,217
BGW_ACSA_500G,ACSA,BGW,500,500G,,nat,5,119,0.5613,10,0.0472,14,0.066,6,0.0283,62,0.2925,1,0.0047,212
MOS_ACSA_700C,ACSA,MOS,700,700C,,nat,7,113,0.6141,7,0.038,13,0.0707,0,0,43,0.2337,8,0.0435,184
MOS_ACSA_600C,ACSA,MOS,600,600C,,nat,6,62,0.5794,2,0.0187,6,0.0561,2,0.0187,32,0.2991,3,0.028,107
MOS_ACSA_600G,ACSA,MOS,600,600G,,nat,6,68,0.562,5,0.0413,5,0.0413,3,0.0248,38,0.314,2,0.0165,121
MOS_ACSA_800C,ACSA,MOS,800,800C,,nat,8,140,0.8333,1,0.006,5,0.0298,0,0,19,0.1131,3,0.0179,168
MOS_ACSA_800G,ACSA,MOS,800,800G,,nat,8,168,0.8615,1,0.0051,5,0.0256,1,0.0051,17,0.0872,3,0.0154,195
OSK_ACSA_1000G,ACSA,OSK,1000,1000G,,nat,1,49,0.8596,0,0,1,0.0175,0,0,4,0.0702,3,0.0526,57
OSK_ACSA_700C,ACSA,OSK,700,700C,,nat,7,105,0.7241,1,0.0069,6,0.0414,3,0.0207,26,0.1793,4,0.0276,145
KIL_ACSA_1000C,ACSA,KIL,1000,1000C,,nat,1,117,0.8125,1,0.0069,4,0.0278,2,0.0139,14,0.0972,6,0.0417,144
KIL_ACSA_800G,ACSA,KIL,800,800G,,nat,8,174,0.6468,10,0.0372,10,0.0372,3,0.0112,64,0.2379,8,0.0297,269
OSK_ACSA_1000C,ACSA,OSK,1000,1000C,,nat,1,72,0.8571,0,0,1,0.0119,0,0,7,0.0833,4,0.0476,84
OSK_ACSA_700G,ACSA,OSK,700,700G,,nat,7,113,0.729,2,0.0129,5,0.0323,0,0,28,0.1806,7,0.0452,155
OSK_ACSA_500C,ACSA,OSK,500,500C,,nat,5,143,0.7296,4,0.0204,6,0.0306,1,0.0051,37,0.1888,5,0.0255,196
KIL_ACSA_700C,ACSA,KIL,700,700C,,nat,7,146,0.616,9,0.038,12,0.0506,3,0.0127,65,0.2743,2,0.0084,237
KIL_ACSA_700G,ACSA,KIL,700,700G,,nat,7,107,0.535,15,0.075,15,0.075,5,0.025,58,0.29,0,0,200
JAY_ACSA_600G,ACSA,JAY,600,600G,,nat,6,112,0.6667,4,0.0238,5,0.0298,1,0.006,33,0.1964,13,0.0774,168
MAD_ACSA_700C,ACSA,MAD,700,700C,,nat,7,89,0.6096,4,0.0274,8,0.0548,1,0.0068,34,0.2329,10,0.0685,146
KIL_ACSA_600G,ACSA,KIL,600,600G,,nat,6,167,0.5964,19,0.0679,16,0.0571,6,0.0214,70,0.25,2,0.0071,280
KIL_ACSA_CM4,ACSA,KIL,M,CM4,4,net,C,78,0.4756,12,0.0732,21,0.128,2,0.0122,46,0.2805,6,0.0366,164
ABE_ACSA_NL4,ACSA,ABE,L,NL4,4,net,N,108,0.4286,20,0.0794,33,0.131,4,0.0159,77,0.3056,12,0.0476,252
KIL_ACSA_NM2,ACSA,KIL,M,NM2,2,net,N,92,0.467,17,0.0863,17,0.0863,4,0.0203,56,0.2843,11,0.0558,197
KIL_ACSA_DM1,ACSA,KIL,M,DM1,1,net,D,79,0.4817,8,0.0488,14,0.0854,4,0.0244,50,0.3049,9,0.0549,164
KIL_ACSA_NH4,ACSA,KIL,H,NH4,4,net,N,117,0.6842,8,0.0468,7,0.0409,1,0.0058,30,0.1754,8,0.0468,171
KIL_ACSA_DL2,ACSA,KIL,L,DL2,2,net,D,111,0.5873,12,0.0635,16,0.0847,1,0.0053,39,0.2063,10,0.0529,189
ABE_ACSA_NH1,ACSA,ABE,H,NH1,1,net,N,190,0.852,3,0.0135,6,0.0269,1,0.0045,17,0.0762,6,0.0269,223
KIL_ACSA_NM1,ACSA,KIL,M,NM1,1,net,N,188,0.5137,39,0.1066,28,0.0765,3,0.0082,102,0.2787,6,0.0164,366
ABE_ACSA_NL1,ACSA,ABE,L,NL1,1,net,N,89,0.4064,18,0.0822,24,0.1096,5,0.0228,72,0.3288,11,0.0502,219
ABE_ACSA_NL3,ACSA,ABE,L,NL3,3,net,N,96,0.4068,19,0.0805,26,0.1102,4,0.0169,79,0.3347,12,0.0508,236
ABE_ACSA_NM2,ACSA,ABE,M,NM2,2,net,N,53,0.4109,4,0.031,11,0.0853,0,0,27,0.2093,53,0.4109,129
ABE_ACSA_DL4,ACSA,ABE,L,DL4,4,net,D,67,0.4036,11,0.0663,24,0.1446,3,0.0181,48,0.2892,14,0.0843,166
ABE_ACSA_DL2,ACSA,ABE,L,DL2,2,net,D,69,0.3136,28,0.1273,22,0.1,6,0.0273,91,0.4136,4,0.0182,220
ABE_ACSA_DH3,ACSA,ABE,H,DM3,3,net,D,92,0.6765,5,0.0368,2,0.0147,0,0,24,0.1765,13,0.0956,136
ABE_ACSA_CH1,ACSA,ABE,H,CH1,1,net,C,148,0.6884,2,0.0093,7,0.0326,1,0.0047,27,0.1256,33,0.1535,215
ABE_ACSA_DM2,ACSA,ABE,M,DM2,2,net,D,176,0.6957,9,0.0356,8,0.0316,1,0.004,42,0.166,18,0.0711,253
JAY_ACSA_CH2,ACSA,JAY,H,CH2,2,net,C,108,0.6667,3,0.0185,7,0.0432,0,0,22,0.1358,22,0.1358,162
JAY_ACSA_DH2,ACSA,JAY,H,DH2,2,net,D,268,0.6943,17,0.044,14,0.0363,1,0.0026,61,0.158,26,0.0674,386
JAY_ACSA_DH1,ACSA,JAY,H,DH1,1,net,D,155,0.6889,8,0.0356,7,0.0311,2,0.0089,41,0.1822,12,0.0533,225
JAY_ACSA_CL4,ACSA,JAY,L,CL4,4,net,C,84,0.3373,20,0.0803,24,0.0964,1,0.004,94,0.3775,26,0.1044,249
JAY_ACSA_NH2,ACSA,JAY,H,NH2,2,net,N,138,0.5587,17,0.0688,12,0.0486,6,0.0243,70,0.2834,4,0.0162,247
JAY_ACSA_DM1,ACSA,JAY,M,DM1,1,net,D,172,0.5753,14,0.0468,10,0.0334,5,0.0167,83,0.2776,16,0.0535,299
JAY_ACSA_NL4,ACSA,JAY,L,NL4,4,net,N,108,0.4481,14,0.0581,19,0.0788,2,0.0083,75,0.3112,23,0.0954,241
JAY_ACSA_CL3,ACSA,JAY,L,CL3,3,net,C,62,0.3713,12,0.0719,17,0.1018,1,0.006,60,0.3593,15,0.0898,167
JAY_ACSA_CM3,ACSA,JAY,M,CM3,3,net,C,207,0.7065,9,0.0307,11,0.0375,1,0.0034,46,0.157,19,0.0648,293
JAY_ACSA_DM2,ACSA,JAY,M,DM2,2,net,D,180,0.6498,8,0.0289,11,0.0397,0,0,62,0.2238,16,0.0578,277
JAY_ACSA_NL2,ACSA,JAY,L,NL2,2,net,N,106,0.4818,14,0.0636,16,0.0727,2,0.0091,68,0.3091,14,0.0636,220
JAY_ACSA_CL2,ACSA,JAY,L,CL2,2,net,C,85,0.4775,12,0.0674,11,0.0618,1,0.0056,52,0.2921,17,0.0955,178
JAY_ACSA_NM2,ACSA,JAY,M,NM2,2,net,N,168,0.4841,24,0.0692,24,0.0692,6,0.0173,112,0.3228,13,0.0375,347
JAY_ACSA_NM3,ACSA,JAY,M,NM3,3,net,N,62,0.5082,11,0.0902,8,0.0656,1,0.0082,32,0.2623,8,0.0656,122
JAY_ACSA_DM3,ACSA,JAY,M,DM3,3,net,D,135,0.6081,14,0.0631,16,0.0721,4,0.018,51,0.2297,4,0.018,222
JAY_ACSA_NL3,ACSA,JAY,L,NL3,3,net,N,137,0.4824,20,0.0704,20,0.0704,4,0.0141,87,0.3063,18,0.0634,284
JAY_ACSA_CM2,ACSA,JAY,M,CM2,2,net,C,75,0.4808,10,0.0641,13,0.0833,2,0.0128,48,0.3077,8,0.0513,156
JAY_ACSA_CM1,ACSA,JAY,M,CM1,1,net,C,99,0.513,6,0.0311,16,0.0829,1,0.0052,52,0.2694,19,0.0984,193
JAY_ACSA_CM4,ACSA,JAY,M,CM4,4,net,C,190,0.6762,10,0.0356,13,0.0463,2,0.0071,53,0.1886,13,0.0463,281
JAY_ACSA_CH3,ACSA,JAY,H,CH3,3,net,C,125,0.6068,7,0.034,10,0.0485,3,0.0146,55,0.267,6,0.0291,206
JAY_ACSA_DH3,ACSA,JAY,H,DH3,3,net,D,179,0.81,3,0.0136,5,0.0226,1,0.0045,28,0.1267,5,0.0226,221
JAY_ACSA_DH4,ACSA,JAY,H,DH4,4,net,D,171,0.7991,4,0.0187,5,0.0234,1,0.0047,29,0.1355,4,0.0187,214
JAY_ACSA_NH3,ACSA,JAY,H,NH3,3,net,N,136,0.5862,9,0.0388,10,0.0431,2,0.0086,63,0.2716,12,0.0517,232
MAN_ACSA_NL1,ACSA,MAN,L,NL1,1,net,N,111,0.4684,13,0.0549,16,0.0675,4,0.0169,81,0.3418,12,0.0506,237
MAN_ACSA_DH4,ACSA,MAN,H,DH4,4,net,D,195,0.8058,4,0.0165,7,0.0289,1,0.0041,24,0.0992,11,0.0455,242
MAN_ACSA_CH2,ACSA,MAN,H,CH2,2,net,C,134,0.6321,8,0.0377,10,0.0472,1,0.0047,51,0.2406,8,0.0377,212
MAN_ACSA_CM3,ACSA,MAN,M,CM3,3,net,C,96,0.4267,22,0.0978,28,0.1244,5,0.0222,61,0.2711,13,0.0578,225
MAN_ACSA_NH4,ACSA,MAN,H,NH4,4,net,N,142,0.4765,25,0.0839,29,0.0973,8,0.0268,86,0.2886,8,0.0268,298
MAN_ACSA_NM2,ACSA,MAN,M,NM2,2,net,N,154,0.55,18,0.0643,23,0.0821,7,0.025,63,0.225,15,0.0536,280
MAN_ACSA_DH3,ACSA,MAN,H,DH3,3,net,D,179,0.8136,0,0,3,0.0136,2,0.0091,17,0.0773,19,0.0864,220
MAN_ACSA_NH3,ACSA,MAN,H,NH3,3,net,N,174,0.7102,4,0.0163,8,0.0327,1,0.0041,45,0.1837,13,0.0531,245
MAN_ACSA_DH1,ACSA,MAN,H,DH1,1,net,D,153,0.5604,5,0.0183,12,0.044,1,0.0037,60,0.2198,42,0.1538,273
MAN_ACSA_DM1,ACSA,MAN,M,DM1,1,net,D,86,0.5212,15,0.0909,10,0.0606,7,0.0424,42,0.2545,5,0.0303,165
MAN_ACSA_CM1,ACSA,MAN,M,CM1,1,net,C,102,0.4359,13,0.0556,14,0.0598,4,0.0171,79,0.3376,22,0.094,234
MAN_ACSA_CH3,ACSA,MAN,H,CH3,3,net,C,92,0.7302,2,0.0159,1,0.0079,0,0,20,0.1587,11,0.0873,126
MAN_ACSA_CH4,ACSA,MAN,H,CH4,4,net,C,137,0.7062,0,0,3,0.0155,0,0,16,0.0825,38,0.1959,194
MAN_ACSA_NM4,ACSA,MAN,M,NM4,4,net,N,128,0.6066,5,0.0237,9,0.0427,0,0,50,0.237,20,0.0948,211
MAN_ACSA_DM2,ACSA,MAN,M,DM2,2,net,D,169,0.687,5,0.0203,10,0.0407,2,0.0081,44,0.1789,16,0.065,246
MAN_ACSA_NH2,ACSA,MAN,H,NH2,2,net,N,87,0.6641,1,0.0076,4,0.0305,0,0,13,0.0992,26,0.1985,131
MAN_ACSA_NH1,ACSA,MAN,H,NH1,1,net,N,131,0.6968,3,0.016,4,0.0213,0,0,28,0.1489,22,0.117,188
MAN_ACSA_DH2,ACSA,MAN,H,DH2,2,net,D,124,0.7654,1,0.0062,2,0.0123,1,0.0062,22,0.1358,12,0.0741,162
MAN_ACSA_DL4,ACSA,MAN,L,DL4,4,net,D,38,0.2714,9,0.0643,11,0.0786,1,0.0071,65,0.4643,17,0.1214,140
MAN_ACSA_DL4,ACSA,MAN,L,DL4,4,net,D,60,0.4959,5,0.0413,5,0.0413,0,0,38,0.314,13,0.1074,121
MAN_ACSA_NM1,ACSA,MAN,M,NM1,1,net,N,142,0.4383,27,0.0833,28,0.0864,9,0.0278,107,0.3302,11,0.034,324
ABE_ACSA_DH4,ACSA,ABE,H,DH4,4,net,D,142,0.8023,2,0.0113,6,0.0339,0,0,15,0.0847,12,0.0678,177
JAY_ACSA_NH1,ACSA,JAY,H,NH1,1,net,N,194,0.7239,7,0.0261,8,0.0299,2,0.0075,50,0.1866,7,0.0261,268
JAY_ACSA_CH1,ACSA,JAY,H,CH1,1,net,C,107,0.7589,0,0,2,0.0142,0,0,23,0.1631,9,0.0638,141
ABE_ACSA_CH2,ACSA,ABE,H,CH2,2,net,C,129,0.8836,0,0,1,0.0068,0,0,7,0.0479,9,0.0616,146
ABE_ACSA_NM1,ACSA,ABE,M,NM1,1,net,N,74,0.4684,4,0.0253,8,0.0506,1,0.0063,38,0.2405,34,0.2152,158
ABE_ACSA_DH1,ACSA,ABE,H,DH1,1,net,D,123,0.7987,0,0,4,0.026,0,0,15,0.0974,12,0.0779,154
ABE_ACSA_NM4,ACSA,ABE,M,NM4,4,net,N,130,0.6311,7,0.034,12,0.0583,0,0,43,0.2087,14,0.068,206
ABE_ACSA_NH3,ACSA,ABE,H,NH3,3,net,N,113,0.8248,0,0,4,0.0292,0,0,11,0.0803,9,0.0657,137
ABE_ACSA_DH2,ACSA,ABE,H,DH2,2,net,D,163,0.8717,0,0,2,0.0107,0,0,13,0.0695,9,0.0481,187
ABE_ACSA_DM1,ACSA,ABE,M,DM1,1,net,D,55,0.5446,3,0.0297,7,0.0693,1,0.0099,23,0.2277,13,0.1287,101
ABE_ACSA_CH3-2,ACSA,ABE,H,CH3-2,2,net,C,128,0.8889,1,0.0069,1,0.0069,0,0,9,0.0625,5,0.0347,144
ABE_ACSA_NH4,ACSA,ABE,H,NH4,4,net,N,136,0.8553,0,0,2,0.0126,0,0,14,0.0881,7,0.044,159
ABE_ACSA_NH2,ACSA,ABE,H,NH2,2,net,N,195,0.8784,1,0.0045,4,0.018,0,0,7,0.0315,15,0.0676,222
ABE_ACSA_CH1,ACSA,ABE,H,CH1,1,net,C,145,0.8239,3,0.017,5,0.0284,2,0.0114,15,0.0852,6,0.0341,176
ABE_ACSA_CH3-1,ACSA,ABE,H,CH3-1,1,net,C,188,0.843,3,0.0135,6,0.0269,1,0.0045,10,0.0448,15,0.0673,223
ABE_ACSA_CH4,ACSA,ABE,H,CH4,4,net,C,130,0.7514,3,0.0173,4,0.0231,0,0,22,0.1272,14,0.0809,173
ABE_ACSA_CM4,ACSA,ABE,M,CM4,4,net,C,124,0.6327,7,0.0357,10,0.051,0,0,41,0.2092,14,0.0714,196
ABE_ACSA_CM2,ACSA,ABE,M,CM2,2,net,C,105,0.5707,5,0.0272,7,0.038,1,0.0054,41,0.2228,25,0.1359,184
ABE_ACSA_CM1,ACSA,ABE,M,CM1,1,net,C,83,0.5061,5,0.0305,10,0.061,1,0.0061,38,0.2317,27,0.1646,164
ABE_ACSA_NM3,ACSA,ABE,M,NM3,3,net,N,147,0.5611,18,0.0687,18,0.0687,6,0.0229,66,0.2519,7,0.0267,262
ABE_ACSA_DL3,ACSA,ABE,L,DL3,3,net,D,127,0.5595,14,0.0617,17,0.0749,1,0.0044,64,0.2819,4,0.0176,227
ABE_ACSA_CL2,ACSA,ABE,L,CL2,2,net,C,91,0.4417,11,0.0534,21,0.1019,3,0.0146,73,0.3544,7,0.034,206
ABE_ACSA_NL2,ACSA,ABE,L,NL2,2,net,N,139,0.4728,20,0.068,27,0.0918,3,0.0102,96,0.3265,10,0.034,294
ABE_ACSA_CL1,ACSA,ABE,L,CL1,1,net,C,114,0.4872,16,0.0684,23,0.0983,2,0.0085,67,0.2863,12,0.0513,234
KIL_ACSA_CM1,ACSA,KIL,M,CM1,1,net,C,94,0.6667,6,0.0426,7,0.0496,1,0.0071,24,0.1702,9,0.0638,141
ABE_ACSA_CL3,ACSA,ABE,L,CL3,3,net,C,107,0.535,8,0.04,14,0.07,4,0.02,60,0.3,7,0.035,200
ABE_ACSA_DL1,ACSA,ABE,L,DL1,1,net,D,119,0.5587,13,0.061,14,0.0657,4,0.0188,55,0.2582,9,0.0423,213
KIL_ACSA_CL1,ACSA,KIL,L,CL1,1,net,C,117,0.6223,10,0.0532,11,0.0585,0,0,42,0.2234,8,0.0426,188
KIL_ACSA_NL2,ACSA,KIL,L,NL2,2,net,N,173,0.5635,26,0.0847,25,0.0814,4,0.013,63,0.2052,17,0.0554,307
KIL_ACSA_CL2,ACSA,KIL,L,CL2,2,net,C,111,0.7655,2,0.0138,4,0.0276,0,0,21,0.1448,7,0.0483,145
KIL_ACSA_DL1,ACSA,KIL,L,DL1,1,net,D,128,0.6038,11,0.0519,14,0.066,2,0.0094,50,0.2358,8,0.0377,212
KIL_ACSA_NL4,ACSA,KIL,L,NL4,4,net,N,164,0.5467,22,0.0733,25,0.0833,4,0.0133,73,0.2433,11,0.0367,300
KIL_ACSA_DL4,ACSA,KIL,L,DL4,4,net,D,197,0.6986,14,0.0496,16,0.0567,4,0.0142,43,0.1525,8,0.0284,282
KIL_ACSA_NH1,ACSA,KIL,H,NH1,1,net,N,162,0.871,1,0.0054,2,0.0108,0,0,20,0.1075,1,0.0054,186
KIL_ACSA_NL3,ACSA,KIL,L,NL3,3,net,N,128,0.5689,15,0.0667,19,0.0844,1,0.0044,55,0.2444,7,0.0311,225
KIL_ACSA_DL3,ACSA,KIL,L,DL3,3,net,D,101,0.4391,12,0.0522,17,0.0739,3,0.013,92,0.4,5,0.0217,230
KIL_ACSA_CL4,ACSA,KIL,L,CL4,4,net,C,101,0.5127,13,0.066,19,0.0964,6,0.0305,53,0.269,5,0.0254,197
JAY_ACSA_DL3,ACSA,JAY,L,DL3,3,net,D,115,0.4545,14,0.0553,19,0.0751,4,0.0158,78,0.3083,10,0.0395,253
JAY_ACSA_NM4,ACSA,JAY,M,NM4,4,net,N,186,0.6327,12,0.0408,18,0.0612,3,0.0102,61,0.2075,14,0.0476,294
KIL_ACSA_DH3,ACSA,KIL,H,DH3,3,net,D,136,0.764,3,0.0169,9,0.0506,3,0.0169,23,0.1292,4,0.0225,178
JAY_ACSA_NM1,ACSA,JAY,M,NM1,1,net,N,116,0.5743,9,0.0446,13,0.0644,4,0.0198,53,0.2624,8,0.0396,202
KIL_ACSA_CH3,ACSA,KIL,H,CH3,3,net,C,108,0.7397,1,0.0068,8,0.0548,1,0.0068,15,0.1027,13,0.089,146
KIL_ACSA_NH2,ACSA,KIL,H,NH2,2,net,N,113,0.8561,1,0.0076,3,0.0227,1,0.0076,11,0.0833,3,0.0227,132
KIL_ACSA_NM4,ACSA,KIL,M,NM4,4,net,N,122,0.5596,6,0.0275,17,0.078,1,0.0046,50,0.2294,22,0.1009,218
KIL_ACSA_CH2,ACSA,KIL,H,CH2,2,net,C,174,0.716,5,0.0206,6,0.0247,2,0.0082,31,0.1276,25,0.1029,243
KIL_ACSA_DH1,ACSA,KIL,H,DH1,1,net,D,171,0.7668,5,0.0224,8,0.0359,2,0.009,28,0.1256,9,0.0404,223
MAN_ACSA_NM3,ACSA,MAN,M,NM3,3,net,N,139,0.6233,4,0.0179,8,0.0359,3,0.0135,61,0.2735,8,0.0359,223
MAN_ACSA_DM3,ACSA,MAN,M,DM3,3,net,D,112,0.6292,4,0.0225,10,0.0562,1,0.0056,36,0.2022,6,0.0337,178
MAN_ACSA_CM4,ACSA,MAN,M,CM4,4,net,C,94,0.6395,2,0.0136,5,0.034,1,0.0068,34,0.2313,11,0.0748,147
MAN_ACSA_DM4,ACSA,MAN,M,DM4,4,net,D,131,0.6485,6,0.0297,9,0.0446,3,0.0149,43,0.2129,10,0.0495,202
MAN_ACSA_NL3,ACSA,MAN,L,NL3,3,net,N,81,0.5094,7,0.044,11,0.0692,1,0.0063,54,0.3396,5,0.0314,159
JAY_ACSA_NH4,ACSA,JAY,H,NH4,4,net,N,224,0.896,0,0,5,0.02,2,0.008,11,0.044,8,0.032,250
ABE_ACSA_HL2,ACSA,ABE,L,HL2,2,trans,H,78,0.5455,10,0.0699,14,0.0979,2,0.014,27,0.1888,12,0.0839,143
KIL_ACSA_LM2,ACSA,KIL,M,LM2,2,trans,L,75,0.5,12,0.08,16,0.1067,0,0,39,0.26,9,0.06,150
KIL_ACSA_HM2,ACSA,KIL,M,HM2,2,trans,H,59,0.472,9,0.072,14,0.112,1,0.008,34,0.272,8,0.064,125
KIL_ACSA_HL3,ACSA,KIL,L,HL3,3,trans,H,150,0.5119,31,0.1058,29,0.099,5,0.0171,68,0.2321,10,0.0341,293
KIL_ACSA_FCM3,ACSA,KIL,M,FCM3,3,trans,M,67,0.5076,10,0.0758,11,0.0833,2,0.0152,35,0.2652,7,0.053,132
KIL_ACSA_SCM1,ACSA,KIL,M,SCM1,1,trans,M,68,0.6126,6,0.0541,10,0.0901,0,0,22,0.1982,5,0.045,111
ABE_ACSA_SCM2,ACSA,ABE,M,SCM2,2,trans,M,68,0.4564,16,0.1074,16,0.1074,4,0.0268,39,0.2617,6,0.0403,149
ABE_ACSA_SCM3,ACSA,ABE,M,SCM3,3,trans,M,71,0.3568,18,0.0905,27,0.1357,5,0.0251,74,0.3719,5,0.0251,199
KIL_ACSA_SCM3,ACSA,KIL,M,SCM3,3,trans,M,84,0.5563,9,0.0596,7,0.0464,3,0.0199,45,0.298,3,0.0199,151
KIL_ACSA_HM3,ACSA,KIL,M,HM3,3,trans,H,94,0.5802,11,0.0679,13,0.0802,0,0,39,0.2407,5,0.0309,162
ABE_ACSA_SCL3,ACSA,ABE,L,SCL3,3,trans,L,105,0.3292,36,0.1129,39,0.1223,4,0.0125,118,0.3699,17,0.0533,319
ABE_ACSA_SCL1,ACSA,ABE,L,SCL1,1,trans,L,98,0.3843,30,0.1176,31,0.1216,7,0.0275,79,0.3098,10,0.0392,255
ABE_ACSA_FCL3,ACSA,ABE,L,FCL3,3,trans,L,48,0.2264,25,0.1179,36,0.1698,5,0.0236,84,0.3962,14,0.066,212
ABE_ACSA_FCL2,ACSA,ABE,L,FCL2,2,trans,L,59,0.3172,21,0.1129,25,0.1344,3,0.0161,70,0.3763,8,0.043,186
ABE_ACSA_ML1,ACSA,ABE,L,ML1,1,trans,M,60,0.3125,21,0.1094,23,0.1198,5,0.026,71,0.3698,12,0.0625,192
ABE_ACSA_HL3,ACSA,ABE,L,HL3,3,trans,H,93,0.4097,24,0.1057,26,0.1145,6,0.0264,71,0.3128,7,0.0308,227
ABE_ACSA_FCL1,ACSA,ABE,L,FCL1,1,trans,L,68,0.3022,22,0.0978,30,0.1333,7,0.0311,81,0.36,17,0.0756,225
ABE_ACSA_ML3,ACSA,ABE,L,ML3,3,trans,M,94,0.3253,26,0.09,40,0.1384,9,0.0311,108,0.3737,12,0.0415,289
ABE_ACSA_FCM1,ACSA,ABE,M,FCM1,1,trans,M,70,0.5932,7,0.0593,7,0.0593,0,0,29,0.2458,5,0.0424,118
ABE_ACSA_HM2,ACSA,ABE,M,HM2,2,trans,H,99,0.4853,16,0.0784,20,0.098,2,0.0098,54,0.2647,14,0.0686,204
ABE_ACSA_LM2,ACSA,ABE,M,LM2,2,trans,L,80,0.4061,15,0.0761,16,0.0812,5,0.0254,76,0.3858,9,0.0457,197
ABE_ACSA_SCH1,ACSA,ABE,H,SCH1,1,trans,H,159,0.6709,9,0.038,5,0.0211,1,0.0042,51,0.2152,12,0.0506,237
ABE_ACSA_MH2,ACSA,ABE,H,MH2,2,trans,M,146,0.7725,3,0.0159,6,0.0317,0,0,22,0.1164,13,0.0688,189
JAY_ACSA_SCH2,ACSA,JAY,H,SCH2,2,trans,H,78,0.5379,5,0.0345,7,0.0483,2,0.0138,34,0.2345,19,0.131,145
JAY_ACSA_SCH3,ACSA,JAY,H,SCH3,3,trans,H,77,0.4477,16,0.093,13,0.0756,3,0.0174,54,0.314,9,0.0523,172
JAY_ACSA_LH3,ACSA,JAY,H,LH3,3,trans,L,117,0.5545,15,0.0711,9,0.0427,2,0.0095,58,0.2749,10,0.0474,211
JAY_ACSA_SCL1,ACSA,JAY,L,SCL1,1,trans,L,51,0.4359,9,0.0769,11,0.094,1,0.0085,37,0.3162,8,0.0684,117
JAY_ACSA_HL3,ACSA,JAY,L,HL3,3,trans,H,133,0.6364,9,0.0431,10,0.0478,0,0,47,0.2249,10,0.0478,209
JAY_ACSA_FCL2,ACSA,JAY,L,FCL2,2,trans,L,73,0.3614,21,0.104,17,0.0842,6,0.0297,78,0.3861,9,0.0446,202
JAY_ACSA_FCL1,ACSA,JAY,L,FCL1,1,trans,L,112,0.4014,31,0.1111,24,0.086,7,0.0251,94,0.3369,11,0.0394,279
JAY_ACSA_HL1,ACSA,JAY,L,HL1,1,trans,H,54,0.3462,11,0.0705,14,0.0897,2,0.0128,68,0.4359,7,0.0449,156
JAY_ACSA_SCL2,ACSA,JAY,L,SCL2,2,trans,L,103,0.4459,20,0.0866,21,0.0909,5,0.0216,79,0.342,7,0.0303,231
JAY_ACSA_ML2,ACSA,JAY,L,ML2,2,trans,M,34,0.3091,10,0.0909,14,0.1273,1,0.0091,43,0.3909,8,0.0727,110
JAY_ACSA_ML1,ACSA,JAY,L,ML1,1,trans,M,71,0.4104,15,0.0867,13,0.0751,4,0.0231,62,0.3584,8,0.0462,173
JAY_ACSA_SCL3,ACSA,JAY,L,SCL3,3,trans,L,108,0.5596,11,0.057,11,0.057,2,0.0104,57,0.2953,4,0.0207,193
JAY_ACSA_ML3,ACSA,JAY,L,ML3,3,trans,M,125,0.4529,21,0.0761,17,0.0616,5,0.0181,101,0.3659,8,0.029,276
JAY_ACSA_FCH1,ACSA,JAY,H,FCH1,1,trans,H,146,0.616,8,0.0338,11,0.0464,3,0.0127,65,0.2743,4,0.0169,237
JAY_ACSA_FCL3,ACSA,JAY,L,FCL3,3,trans,L,114,0.481,17,0.0717,13,0.0549,4,0.0169,76,0.3207,13,0.0549,237
JAY_ACSA_LH2,ACSA,JAY,H,LH2,2,trans,L,81,0.4197,20,0.1036,15,0.0777,5,0.0259,69,0.3575,5,0.0259,193
JAY_ACSA_LH1,ACSA,JAY,H,LH1,1,trans,L,126,0.4375,27,0.0938,24,0.0833,5,0.0174,101,0.3507,6,0.0208,288
MAN_ACSA_SCM1,ACSA,MAN,M,SCM1,1,trans,M,53,0.4046,15,0.1145,14,0.1069,1,0.0076,45,0.3435,3,0.0229,131
MAN_ACSA_FCM3,ACSA,MAN,M,FCM3,3,trans,M,77,0.399,17,0.0881,19,0.0984,5,0.0259,69,0.3575,6,0.0311,193
MAN_ACSA_SCM3,ACSA,MAN,M,SCM3,3,trans,M,144,0.5333,18,0.0667,22,0.0815,3,0.0111,73,0.2704,10,0.037,270
MAN_ACSA_LM1,ACSA,MAN,M,LM1,1,trans,L,58,0.3372,18,0.1047,22,0.1279,4,0.0233,57,0.3314,14,0.0814,172
MAN_ACSA_MH1,ACSA,MAN,H,MH1,1,trans,M,139,0.429,29,0.0895,35,0.108,11,0.034,105,0.3241,6,0.0185,324
MAN_ACSA_HM2,ACSA,MAN,M,HM2,2,trans,H,96,0.6316,5,0.0329,6,0.0395,4,0.0263,38,0.25,3,0.0197,152
MAN_ACSA_LH1,ACSA,MAN,H,LH1,1,trans,L,146,0.4534,26,0.0807,34,0.1056,8,0.0248,101,0.3137,7,0.0217,322
MAN_ACSA_FCM2,ACSA,MAN,M,FCM2,2,trans,M,125,0.6906,5,0.0276,5,0.0276,1,0.0055,38,0.2099,7,0.0387,181
MAN_ACSA_FCL1,ACSA,MAN,L,FCL1,1,trans,L,129,0.3686,35,0.1,37,0.1057,9,0.0257,132,0.3771,9,0.0257,350
MAN_ACSA_HM1,ACSA,MAN,M,HM1,1,trans,H,84,0.7304,5,0.0435,4,0.0348,2,0.0174,19,0.1652,1,0.0087,115
MAN_ACSA_LM2,ACSA,MAN,M,LM2,2,trans,L,72,0.4768,8,0.053,8,0.053,1,0.0066,50,0.3311,12,0.0795,151
MAN_ACSA_LM3,ACSA,MAN,M,LM3,3,trans,L,99,0.3867,23,0.0898,20,0.0781,7,0.0273,102,0.3984,5,0.0195,256
MAN_ACSA_HM3,ACSA,MAN,M,HM3,3,trans,H,101,0.7214,3,0.0214,5,0.0357,1,0.0071,22,0.1571,8,0.0571,140
MAN_ACSA_HL1,ACSA,MAN,L,HL1,1,trans,H,69,0.5948,3,0.0259,5,0.0431,2,0.0172,29,0.25,8,0.069,116
JAY_ACSA_LM2,ACSA,JAY,M,LM2,2,trans,L,121,0.4618,12,0.0458,16,0.0611,3,0.0115,100,0.3817,10,0.0382,262
JAY_ACSA_FCM1,ACSA,JAY,M,FCM1,1,trans,M,38,0.5429,4,0.0571,3,0.0429,2,0.0286,21,0.3,2,0.0286,70
JAY_ACSA_FCH2,ACSA,JAY,H,FCH2,2,trans,H,68,0.6071,2,0.0179,5,0.0446,0,0,16,0.1429,21,0.1875,112
ABE_ACSA_SCM1,ACSA,ABE,M,SCM1,1,trans,M,63,0.4145,15,0.0987,15,0.0987,4,0.0263,49,0.3224,6,0.0395,152
ABE_ACSA_FCH3,ACSA,ABE,H,FCH3,3,trans,H,195,0.8553,2,0.0088,0,0,0,0,14,0.0614,17,0.0746,228
ABE_ACSA_FCM2,ACSA,ABE,M,FCM2,2,trans,M,112,0.4706,17,0.0714,16,0.0672,7,0.0294,70,0.2941,16,0.0672,238
ABE_ACSA_HM3,ACSA,ABE,M,HM3,3,trans,H,100,0.4274,22,0.094,22,0.094,6,0.0256,79,0.3376,5,0.0214,234
ABE_ACSA_SCH3,ACSA,ABE,H,SCH3,3,trans,H,157,0.7336,7,0.0327,6,0.028,2,0.0093,28,0.1308,14,0.0654,214
ABE_ACSA_SCH2,ACSA,ABE,H,SCH3,3,trans,H,133,0.6584,4,0.0198,6,0.0297,0,0,42,0.2079,17,0.0842,202
ABE_ACSA_FCM3,ACSA,ABE,M,FCM3,3,trans,M,141,0.5054,20,0.0717,21,0.0753,4,0.0143,71,0.2545,13,0.0466,279
ABE_ACSA_LH2,ACSA,ABE,H,LH2,2,trans,L,105,0.3633,28,0.0969,26,0.09,10,0.0346,101,0.3495,19,0.0657,289
ABE_ACSA_LM1,ACSA,ABE,M,LM1,1,trans,L,114,0.4254,19,0.0709,22,0.0821,5,0.0187,95,0.3545,13,0.0485,268
ABE_ACSA_LH3,ACSA,ABE,H,LH3,3,trans,L,116,0.3854,26,0.0864,29,0.0963,10,0.0332,108,0.3588,12,0.0399,301
ABE_ACSA_LM3,ACSA,ABE,M,LM3,3,trans,L,87,0.4531,14,0.0729,20,0.1042,2,0.0104,56,0.2917,13,0.0677,192
ABE_ACSA_ML2,ACSA,ABE,L,ML2,2,trans,M,51,0.4951,8,0.0777,8,0.0777,3,0.0291,32,0.3107,1,0.0097,103
ABE_ACSA_SCL2,ACSA,ABE,L,SCL2,2,trans,L,96,0.3951,27,0.1111,35,0.144,8,0.0329,73,0.3004,6,0.0247,243
ABE_ACSA_HL1,ACSA,ABE,L,HL1,1,trans,H,124,0.6425,10,0.0518,10,0.0518,3,0.0155,44,0.228,2,0.0104,193
KIL_ACSA_HM1,ACSA,KIL,M,HM1,1,trans,H,165,0.7466,10,0.0452,7,0.0317,3,0.0136,32,0.1448,4,0.0181,221
KIL_ACSA_LM3,ACSA,KIL,M,LM3,3,trans,L,127,0.5773,21,0.0955,18,0.0818,2,0.0091,50,0.2273,3,0.0136,220
KIL_ACSA_FCL3,ACSA,KIL,L,FCL3,3,trans,L,139,0.4826,27,0.0938,29,0.1007,4,0.0139,80,0.2778,9,0.0313,288
KIL_ACSA_FCH1,ACSA,KIL,H,FCH1,1,trans,H,133,0.7733,3,0.0174,2,0.0116,1,0.0058,29,0.1686,4,0.0233,172
KIL_ACSA_SCL2,ACSA,KIL,L,SCL2,2,trans,L,99,0.3613,32,0.1168,33,0.1204,7,0.0255,97,0.354,7,0.0255,274
KIL_ACSA_FCL2,ACSA,KIL,L,FCL2,2,trans,L,143,0.4441,40,0.1242,33,0.1025,10,0.0311,92,0.2857,4,0.0124,322
KIL_ACSA_HL2,ACSA,KIL,L,HL2,2,trans,H,76,0.475,17,0.1063,18,0.1125,4,0.025,44,0.275,1,0.0063,160
KIL_ACSA_SCL3,ACSA,KIL,L,SCL3,3,trans,L,122,0.5328,13,0.0568,21,0.0917,6,0.0262,65,0.2838,2,0.0087,229
KIL_ACSA_HL1,ACSA,KIL,L,HL1,1,trans,H,128,0.5639,15,0.0661,16,0.0705,6,0.0264,57,0.2511,5,0.022,227
KIL_ACSA_ML3,ACSA,KIL,L,ML3,3,trans,M,89,0.4083,18,0.0826,22,0.1009,4,0.0183,82,0.3761,3,0.0138,218
KIL_ACSA_SCL1,ACSA,KIL,L,SCL1,1,trans,L,123,0.4556,23,0.0852,29,0.1074,5,0.0185,84,0.3111,6,0.0222,270
KIL_ACSA_ML2,ACSA,KIL,L,ML2,2,trans,M,127,0.5292,18,0.075,13,0.0542,6,0.025,70,0.2917,6,0.025,240
KIL_ACSA_LH3,ACSA,KIL,H,LH3,3,trans,L,145,0.6042,12,0.05,13,0.0542,3,0.0125,60,0.25,7,0.0292,240
JAY_ACSA_LM3,ACSA,JAY,M,LM3,3,trans,L,124,0.494,19,0.0757,22,0.0876,5,0.0199,76,0.3028,6,0.0239,251
KIL_ACSA_LM1,ACSA,KIL,M,LM1,1,trans,L,62,0.5391,5,0.0435,7,0.0609,2,0.0174,35,0.3043,4,0.0348,115
KIL_ACSA_FCM1,ACSA,KIL,M,FCM1,1,trans,M,93,0.5536,10,0.0595,12,0.0714,4,0.0238,45,0.2679,4,0.0238,168
KIL_ACSA_MH2,ACSA,KIL,H,MH2,2,trans,M,159,0.5146,23,0.0744,42,0.1359,3,0.0097,76,0.246,6,0.0194,309
KIL_ACSA_FCH3,ACSA,KIL,H,FCH3,3,trans,H,188,0.7068,6,0.0226,15,0.0564,2,0.0075,46,0.1729,9,0.0338,266
KIL_ACSA_SCH2,ACSA,KIL,H,SCH2,2,trans,H,178,0.8725,2,0.0098,4,0.0196,0,0,15,0.0735,5,0.0245,204
KIL_ACSA_SCH3,ACSA,KIL,H,SCH3,3,trans,H,184,0.8288,5,0.0225,7,0.0315,1,0.0045,17,0.0766,8,0.036,222
KIL_ACSA_LH1,ACSA,KIL,H,LH1,1,trans,L,93,0.5776,6,0.0373,10,0.0621,2,0.0124,47,0.2919,3,0.0186,161
KIL_ACSA_MH1,ACSA,KIL,H,MH1,1,trans,M,139,0.702,3,0.0152,7,0.0354,3,0.0152,37,0.1869,9,0.0455,198
KIL_ACSA_FCL1,ACSA,KIL,L,FCL1,1,trans,L,95,0.413,15,0.0652,24,0.1043,3,0.013,79,0.3435,14,0.0609,230
KIL_ACSA_SCH1,ACSA,KIL,H,SCH1,1,trans,H,171,0.6867,2,0.008,13,0.0522,4,0.0161,46,0.1847,13,0.0522,249
KIL_ACSA_LH2,ACSA,KIL,H,LH2,2,trans,L,198,0.645,17,0.0554,17,0.0554,4,0.013,62,0.202,10,0.0326,307
MAN_ACSA_SCL2,ACSA,MAN,L,SCL2,2,trans,L,123,0.4457,18,0.0652,24,0.087,8,0.029,88,0.3188,15,0.0543,276
KIL_ACSA_ML1,ACSA,KIL,L,ML1,1,trans,M,165,0.6298,6,0.0229,15,0.0573,1,0.0038,57,0.2176,18,0.0687,262
KIL_ACSA_FCH2,ACSA,KIL,H,FCH2,2,trans,H,243,0.8967,0,0,4,0.0148,0,0,7,0.0258,17,0.0627,271
KIL_ACSA_MH3,ACSA,KIL,H,MH3,3,trans,M,178,0.6768,5,0.019,14,0.0532,3,0.0114,53,0.2015,10,0.038,263
MAN_ACSA_FCL2,ACSA,MAN,L,FCL2,2,trans,L,79,0.594,6,0.0451,7,0.0526,1,0.0075,33,0.2481,7,0.0526,133
MAN_ACSA_MH3,ACSA,MAN,H,MH3,3,trans,M,113,0.6313,7,0.0391,11,0.0615,4,0.0223,38,0.2123,6,0.0335,179
MAN_ACSA_ML1,ACSA,MAN,L,ML1,1,trans,M,111,0.444,23,0.092,27,0.108,7,0.028,74,0.296,8,0.032,250
MAN_ACSA_SCL1,ACSA,MAN,L,SCL1,1,trans,L,86,0.4095,15,0.0714,24,0.1143,6,0.0286,71,0.3381,8,0.0381,210
JAY_ACSA_MH2,ACSA,JAY,H,MH2,2,trans,M,70,0.5344,9,0.0687,10,0.0763,4,0.0305,34,0.2595,4,0.0305,131
JAY_ACSA_MH1,ACSA,JAY,H,MH1,1,trans,M,142,0.5657,17,0.0677,20,0.0797,7,0.0279,61,0.243,4,0.0159,251
JAY_ACSA_SCH1,ACSA,JAY,H,SCH1,1,trans,H,188,0.7833,4,0.0167,11,0.0458,2,0.0083,25,0.1042,10,0.0417,240
JAY_ACSA_MH3,ACSA,JAY,H,MH3,3,trans,M,149,0.512,16,0.055,19,0.0653,13,0.0447,86,0.2955,8,0.0275,291
